Region,Human Development Index (value),Expected Years of Schooling (years),Mean Years of Schooling (years),Gross National Income Per Capita (2017 PPP$),Life Expectancy at Birth (years),Cluster
East Asia & Pacific,0.5963782991202347,11.495258064516129,7.289873900293255,15044.067387096775,69.87571945259043,0
Europe & Central Asia,0.7418997668997669,14.171849067599068,10.123791958041958,29361.161745337995,75.39721561771562,2
Latin America & Caribbean,0.6517318640955004,12.490577594123048,7.4420440771349865,12526.403638200185,71.69847933884297,0
Middle East & North Africa,0.6571515151515152,11.731761904761905,6.680181818181818,25496.196258297256,72.565227994228,0
North America,0.9040909090909092,16.04819696969697,12.998454545454546,47521.001106060605,78.87293939393939,3
South Asia,0.4994090909090909,9.327174242424242,4.377102272727273,5453.76246969697,66.16156818181818,4
Sub-Saharan Africa,0.4216786616161616,8.298640782828283,4.077493686868687,3965.9925959595957,56.54363762626263,1
