IncomeGroup,Human Development Index (value),Expected Years of Schooling (years),Mean Years of Schooling (years),Gross National Income Per Capita (2017 PPP$),Life Expectancy at Birth (years),Cluster
High income,0.7781969696969696,14.526451231060607,10.030386837121211,37590.07471543561,76.70795975378789,2
Low income,0.3333391608391608,6.658858974358975,2.5794137529137533,1572.541987179487,55.71880303030303,0
Lower middle income,0.4987195484254308,9.709859774212715,5.2653440285204995,4348.591493166964,63.4021568627451,1
Upper middle income,0.6376163522012579,12.19796397941681,7.723568324757005,11072.059564894225,70.07743739279589,1
